Work Order #,Installation,Trade,Age,Condition Index,Remaining Service Life,Mission Criticality,predicted_ttf,hazard_score,risk_rank
USSPC-FAC-2026-0370,Buckley SFB,Lighting,30,12.15,5,1,1.8915314465835287,0.5286721517668623,1
USSPC-FAC-2026-0361,Vandenberg SFB,Fire Protection,30,17.44,0,3,2.058753928192973,0.4857307064753137,2
USSPC-FAC-2026-0002,Vandenberg SFB,Power Production,29,12.33,3,1,2.071882857594732,0.48265276983898076,3
USSPC-FAC-2026-0132,Schriever SFB,Structural,29,9.52,2,5,2.129799222929491,0.46952782648897884,4
USSPC-FAC-2026-0039,Vandenberg SFB,Fire Protection,29,9.43,3,3,2.1374496170133175,0.4678472849326438,5
USSPC-FAC-2026-0406,Schriever SFB,HVAC,30,21.81,0,3,2.1418227495120514,0.4668920433438385,6
USSPC-FAC-2026-0166,Schriever SFB,Plumbing,30,23.83,0,2,2.1467963452418015,0.4658103700504327,7
USSPC-FAC-2026-0180,Vandenberg SFB,Power Production,29,10.97,3,3,2.2127878226011406,0.45191861134905204,8
USSPC-FAC-2026-0208,Peterson SFB,Power Production,30,23.93,4,2,2.2430848741185287,0.4458146062765337,9
USSPC-FAC-2026-0032,Buckley SFB,Lighting,30,18.16,0,4,2.3131847547417355,0.43230442270126795,10
USSPC-FAC-2026-0200,Vandenberg SFB,HVAC,30,19.87,3,5,2.3340030265258442,0.4284484589930017,11
USSPC-FAC-2026-0441,Schriever SFB,Fire Protection,29,22.4,4,2,2.374973664932687,0.4210573004515158,12
USSPC-FAC-2026-0243,Schriever SFB,Lighting,30,27.07,2,1,2.38756871504643,0.41883611294536227,13
USSPC-FAC-2026-0225,Buckley SFB,Structural,29,14.64,4,4,2.4226947522836997,0.4127635142881174,14
USSPC-FAC-2026-0499,Vandenberg SFB,Fire Protection,29,18.87,3,3,2.464899327405073,0.4056960821409091,15
USSPC-FAC-2026-0126,Buckley SFB,Power Production,29,25.41,4,1,2.5940109294403353,0.3855033873029026,16
USSPC-FAC-2026-0223,Schriever SFB,Plumbing,28,24.94,2,1,2.702025466389189,0.37009273688909194,17
USSPC-FAC-2026-0087,Schriever SFB,Power Production,28,21.22,7,3,2.7158938452292576,0.3682029037168007,18
USSPC-FAC-2026-0212,Peterson SFB,Electrical,30,38.5,1,3,2.7578328230598372,0.3626035601717482,19
USSPC-FAC-2026-0378,Schriever SFB,Power Production,29,30.44,0,2,2.767097432043717,0.36138951538884634,20
USSPC-FAC-2026-0445,Buckley SFB,HVAC,30,33.97,0,3,2.7764136091647673,0.36017688311967017,21
USSPC-FAC-2026-0288,Vandenberg SFB,ESS,29,25.62,0,5,2.8166151250714924,0.35503608252995433,22
USSPC-FAC-2026-0156,Buckley SFB,Lighting,29,27.12,0,4,2.9219335255650276,0.3422391342070746,23
USSPC-FAC-2026-0176,Buckley SFB,Lighting,27,17.35,2,2,2.9832304466032644,0.3352070910708926,24
USSPC-FAC-2026-0497,Vandenberg SFB,HVAC,29,36.78,5,2,2.9876766494034084,0.3347082423393054,25
USSPC-FAC-2026-0016,Peterson SFB,Structural,28,27.35,1,2,3.00878638399562,0.3323599193745407,26
USSPC-FAC-2026-0459,Schriever SFB,Plumbing,27,18.9,0,4,3.0992458482210754,0.3226591399885189,27
USSPC-FAC-2026-0481,Schriever SFB,Power Production,28,25.82,5,4,3.10101834090398,0.32247471316422116,28
USSPC-FAC-2026-0150,Vandenberg SFB,Fire Protection,28,32.14,3,1,3.114880327898134,0.3210396210228668,29
USSPC-FAC-2026-0074,Peterson SFB,ESS,29,37.97,5,5,3.140564717671831,0.3184140719575178,30
USSPC-FAC-2026-0154,Vandenberg SFB,Fire Protection,28,31.28,3,2,3.144298307945766,0.3180359819782241,31
USSPC-FAC-2026-0260,Buckley SFB,Lighting,29,32.0,0,4,3.148528314876279,0.3176087047637985,32
USSPC-FAC-2026-0106,Vandenberg SFB,Plumbing,29,38.06,2,2,3.150519062375144,0.3174080144260769,33
USSPC-FAC-2026-0041,Peterson SFB,ESS,28,29.31,7,5,3.152273841089085,0.3172313226615198,34
USSPC-FAC-2026-0042,Vandenberg SFB,Plumbing,27,27.04,3,2,3.1779498592648743,0.3146682749209016,35
USSPC-FAC-2026-0301,Peterson SFB,Electrical,29,36.2,5,4,3.1835950322323843,0.3141103029359815,36
USSPC-FAC-2026-0297,Peterson SFB,Electrical,27,26.58,0,2,3.1938306176394513,0.313103642527886,37
USSPC-FAC-2026-0178,Peterson SFB,HVAC,28,36.57,2,1,3.2053254928049895,0.31198079641044413,38
USSPC-FAC-2026-0252,Peterson SFB,HVAC,28,33.96,0,3,3.2233733844458463,0.31023399424510584,39
USSPC-FAC-2026-0217,Peterson SFB,ESS,28,34.68,0,3,3.3276291214814697,0.30051425909952284,40
USSPC-FAC-2026-0492,Vandenberg SFB,Fire Protection,28,30.56,5,5,3.337558346403644,0.29962023018340367,41
USSPC-FAC-2026-0302,Vandenberg SFB,Fire Protection,28,35.74,0,2,3.366758287007064,0.29702161983507486,42
USSPC-FAC-2026-0168,Vandenberg SFB,Fire Protection,27,29.25,3,3,3.4439479249253764,0.2903644369191988,43
USSPC-FAC-2026-0451,Vandenberg SFB,Structural,27,24.8,6,5,3.4962686131370453,0.28601921381056156,44
USSPC-FAC-2026-0465,Schriever SFB,HVAC,28,36.41,1,4,3.5344483707670116,0.28292958195991125,45
USSPC-FAC-2026-0339,Peterson SFB,Structural,28,33.41,0,5,3.5433829963687233,0.28221617618665695,46
USSPC-FAC-2026-0407,Schriever SFB,Fire Protection,27,26.5,0,5,3.5712753831200366,0.2800120104785513,47
USSPC-FAC-2026-0091,Buckley SFB,Structural,27,26.48,7,5,3.6114922162278567,0.27689385443130854,48
USSPC-FAC-2026-0073,Buckley SFB,Power Production,29,44.55,2,2,3.631100618344249,0.27539859263277355,49
USSPC-FAC-2026-0181,Peterson SFB,HVAC,26,20.7,3,5,3.6371393037829933,0.2749413526613893,50
USSPC-FAC-2026-0332,Schriever SFB,HVAC,28,38.59,4,4,3.6546981140431543,0.27362041098757417,51
USSPC-FAC-2026-0483,Peterson SFB,Electrical,26,26.06,8,2,3.7060056673835042,0.2698322910838976,52
USSPC-FAC-2026-0486,Buckley SFB,HVAC,29,45.62,0,2,3.7256451535642214,0.26840988843055213,53
USSPC-FAC-2026-0030,Schriever SFB,ESS,27,32.01,0,4,3.7273414557593503,0.2682877358753481,54
USSPC-FAC-2026-0398,Vandenberg SFB,Plumbing,28,45.11,2,2,3.728167750006131,0.2682282737943741,55
USSPC-FAC-2026-0447,Buckley SFB,Electrical,28,42.96,0,1,3.7432363907819166,0.2671485034882107,56
USSPC-FAC-2026-0274,Schriever SFB,Plumbing,27,33.58,3,5,3.883416711085657,0.2575052008056168,57
USSPC-FAC-2026-0244,Vandenberg SFB,Fire Protection,25,23.97,4,1,3.9183382140604204,0.2552102308094888,58
USSPC-FAC-2026-0446,Peterson SFB,Fire Protection,26,31.58,7,1,3.984764597125644,0.25095585338249005,59
USSPC-FAC-2026-0491,Peterson SFB,Power Production,26,31.31,3,4,4.054280527392598,0.2466528877919366,60
USSPC-FAC-2026-0175,Buckley SFB,Power Production,27,38.03,3,4,4.189529121813463,0.23869030884481454,61
USSPC-FAC-2026-0368,Buckley SFB,ESS,26,32.77,6,4,4.226624561626578,0.23659541684373286,62
USSPC-FAC-2026-0056,Buckley SFB,Structural,26,33.73,5,2,4.228629673396211,0.2364832291395366,63
USSPC-FAC-2026-0235,Schriever SFB,Structural,26,34.16,2,4,4.305547947578462,0.2322584749201139,64
USSPC-FAC-2026-0251,Peterson SFB,Electrical,25,30.96,3,1,4.305819280591974,0.23224383905460091,65
USSPC-FAC-2026-0134,Vandenberg SFB,Power Production,25,31.13,3,1,4.3361537079812615,0.23061913099606418,66
USSPC-FAC-2026-0469,Schriever SFB,Electrical,28,49.93,5,3,4.374092837700491,0.22861883300257316,67
USSPC-FAC-2026-0232,Peterson SFB,Electrical,26,38.28,5,1,4.453683920402331,0.22453322190625133,68
USSPC-FAC-2026-0463,Schriever SFB,HVAC,27,47.37,3,1,4.478015031146688,0.22331322986737037,69
USSPC-FAC-2026-0386,Peterson SFB,Structural,23,15.54,7,4,4.488425233568611,0.22279528965327786,70
USSPC-FAC-2026-0173,Schriever SFB,Plumbing,26,35.87,0,4,4.510034181215179,0.22172780955078283,71
USSPC-FAC-2026-0182,Buckley SFB,ESS,27,44.4,3,3,4.557712477927658,0.2194083117008489,72
USSPC-FAC-2026-0108,Buckley SFB,HVAC,26,32.82,9,4,4.567124474426422,0.21895615186305786,73
USSPC-FAC-2026-0293,Schriever SFB,Electrical,25,34.21,2,1,4.582564920878161,0.21821840328851666,74
USSPC-FAC-2026-0477,Buckley SFB,Fire Protection,26,36.53,3,4,4.640712379973955,0.2154841580605804,75
USSPC-FAC-2026-0300,Buckley SFB,Lighting,26,32.92,6,4,4.641892708890531,0.21542936528556952,76
USSPC-FAC-2026-0064,Peterson SFB,Fire Protection,24,27.56,7,3,4.68296822049004,0.21353977924184095,77
USSPC-FAC-2026-0258,Vandenberg SFB,Lighting,25,33.72,6,2,4.7185919507153855,0.21192762808159119,78
USSPC-FAC-2026-0416,Buckley SFB,Fire Protection,27,50.29,4,2,4.961974903268276,0.20153265977652077,79
USSPC-FAC-2026-0254,Peterson SFB,ESS,26,42.62,4,4,4.971098431562898,0.20116278399371848,80
USSPC-FAC-2026-0449,Vandenberg SFB,Structural,23,22.96,6,2,4.985977858336187,0.20056246305387693,81
USSPC-FAC-2026-0399,Peterson SFB,Structural,24,32.91,2,1,5.13319474031973,0.19481045442232983,82
USSPC-FAC-2026-0193,Peterson SFB,Power Production,25,36.86,3,4,5.1619641153305595,0.19372470975342346,83
USSPC-FAC-2026-0480,Buckley SFB,ESS,28,61.66,6,2,5.176225130875499,0.1931909788921529,84
USSPC-FAC-2026-0448,Peterson SFB,Structural,26,48.99,6,2,5.196540902311877,0.19243570267196633,85
USSPC-FAC-2026-0396,Buckley SFB,HVAC,24,30.65,9,3,5.247501531673545,0.19056688101262503,86
USSPC-FAC-2026-0119,Vandenberg SFB,Power Production,24,36.24,4,1,5.274374027089064,0.1895959586605013,87
USSPC-FAC-2026-0183,Vandenberg SFB,Electrical,24,32.16,6,2,5.368642044067727,0.1862668421160591,88
USSPC-FAC-2026-0392,Schriever SFB,ESS,24,32.26,7,5,5.463103685275459,0.1830461323103331,89
USSPC-FAC-2026-0220,Schriever SFB,Plumbing,25,46.81,5,2,5.496444834308131,0.18193578397405596,90
USSPC-FAC-2026-0257,Schriever SFB,Electrical,26,46.86,9,4,5.51547023293446,0.18130820361040337,91
USSPC-FAC-2026-0472,Buckley SFB,Lighting,26,48.4,0,3,5.521658296194992,0.1811050134502358,92
USSPC-FAC-2026-0006,Buckley SFB,Structural,25,40.99,2,4,5.5710039274443295,0.17950086071088897,93
USSPC-FAC-2026-0021,Peterson SFB,Structural,24,35.14,1,4,5.692952329859568,0.17565578316104882,94
USSPC-FAC-2026-0351,Schriever SFB,Electrical,23,27.94,8,3,5.759379380186689,0.17362981911561193,95
USSPC-FAC-2026-0061,Vandenberg SFB,Plumbing,24,40.58,9,1,5.768160801037223,0.17336548589633308,96
USSPC-FAC-2026-0453,Vandenberg SFB,ESS,25,45.1,8,4,5.810895561445709,0.17209051331688488,97
USSPC-FAC-2026-0167,Peterson SFB,Structural,24,43.93,2,2,5.854863282028092,0.17079818124354315,98
USSPC-FAC-2026-0366,Schriever SFB,Structural,22,26.09,3,3,5.859009644189882,0.17067730908954132,99
USSPC-FAC-2026-0081,Buckley SFB,HVAC,24,40.1,9,1,6.026617139707022,0.16593056715207463,100
USSPC-FAC-2026-0248,Vandenberg SFB,Lighting,25,44.12,9,4,6.035328199522392,0.16569107212415313,101
USSPC-FAC-2026-0059,Schriever SFB,HVAC,23,33.71,8,5,6.146518696650482,0.16269372133284904,102
USSPC-FAC-2026-0141,Peterson SFB,HVAC,23,39.85,5,1,6.18788278132511,0.16160616406923178,103
USSPC-FAC-2026-0255,Vandenberg SFB,Electrical,22,30.3,4,1,6.209214020706556,0.16105097950645425,104
USSPC-FAC-2026-0324,Schriever SFB,Lighting,23,36.67,4,3,6.221793932422371,0.16072534880798656,105
USSPC-FAC-2026-0118,Schriever SFB,Power Production,24,41.63,9,5,6.350986199443956,0.15745586096338116,106
USSPC-FAC-2026-0070,Schriever SFB,Structural,23,38.84,5,1,6.40676698339719,0.15608496494276272,107
USSPC-FAC-2026-0025,Schriever SFB,Plumbing,23,35.96,5,5,6.459296710085112,0.1548156161395508,108
USSPC-FAC-2026-0484,Peterson SFB,ESS,24,46.07,1,3,6.478687714823787,0.15435224601301822,109
USSPC-FAC-2026-0194,Buckley SFB,Plumbing,24,45.88,9,3,6.590843072488009,0.15172565770444071,110
USSPC-FAC-2026-0250,Schriever SFB,Lighting,22,31.28,9,4,6.606573211901226,0.15136440147194283,111
USSPC-FAC-2026-0044,Peterson SFB,ESS,25,55.69,7,5,6.727678071789934,0.14863969252529124,112
USSPC-FAC-2026-0381,Buckley SFB,Lighting,22,33.79,3,1,6.757888246292803,0.14797522000287194,113
USSPC-FAC-2026-0130,Vandenberg SFB,Fire Protection,22,30.75,12,5,6.797104802874008,0.14712146259348122,114
USSPC-FAC-2026-0279,Schriever SFB,Plumbing,22,36.74,13,1,6.842445418562721,0.1461465804735719,115
USSPC-FAC-2026-0093,Buckley SFB,Lighting,22,33.13,10,2,6.982451208840484,0.14321618155153015,116
USSPC-FAC-2026-0179,Buckley SFB,HVAC,22,36.77,7,2,6.994408057438662,0.14297135537245134,117
USSPC-FAC-2026-0309,Buckley SFB,Lighting,23,40.39,7,3,7.09013809230139,0.14104097649181466,118
USSPC-FAC-2026-0265,Buckley SFB,HVAC,24,49.05,6,4,7.118767614284465,0.1404737525064602,119
USSPC-FAC-2026-0207,Vandenberg SFB,HVAC,22,38.53,13,3,7.1592828520927645,0.13967879474236516,120
USSPC-FAC-2026-0408,Vandenberg SFB,Lighting,23,45.82,2,3,7.218587351942358,0.13853125982203743,121
USSPC-FAC-2026-0069,Buckley SFB,Plumbing,23,46.1,7,1,7.252304338726149,0.1378872084366564,122
USSPC-FAC-2026-0164,Schriever SFB,Electrical,24,55.48,11,2,7.305161787625336,0.1368895075936527,123
USSPC-FAC-2026-0215,Peterson SFB,HVAC,24,51.59,4,5,7.375153769655357,0.13559039326263841,124
USSPC-FAC-2026-0326,Vandenberg SFB,ESS,24,54.02,3,5,7.391383289367826,0.1352926726771774,125
USSPC-FAC-2026-0266,Vandenberg SFB,Structural,23,47.62,12,2,7.5507572358513,0.13243704820120022,126
USSPC-FAC-2026-0464,Schriever SFB,Fire Protection,23,48.77,6,4,7.694945666768482,0.12995543351509503,127
USSPC-FAC-2026-0372,Schriever SFB,Electrical,22,42.66,13,4,7.808207347813911,0.128070369478594,128
USSPC-FAC-2026-0009,Peterson SFB,Lighting,22,44.78,6,1,7.933524485823299,0.12604738307506783,129
USSPC-FAC-2026-0434,Schriever SFB,Lighting,22,41.2,9,4,7.989841728640771,0.12515892479013094,130
USSPC-FAC-2026-0346,Vandenberg SFB,Electrical,21,34.15,13,4,8.09996770006206,0.12345728242747664,131
USSPC-FAC-2026-0209,Peterson SFB,Electrical,22,48.2,3,3,8.19890226302285,0.12196754735204154,132
USSPC-FAC-2026-0100,Peterson SFB,ESS,21,42.73,14,2,8.232861546598247,0.12146445003841853,133
USSPC-FAC-2026-0402,Peterson SFB,ESS,23,53.81,3,5,8.267856502177878,0.1209503333465675,134
USSPC-FAC-2026-0014,Peterson SFB,Plumbing,20,34.71,11,1,8.301793017040346,0.12045590608527455,135
USSPC-FAC-2026-0198,Schriever SFB,Electrical,22,47.4,12,3,8.357333876223363,0.11965538469690706,136
USSPC-FAC-2026-0262,Schriever SFB,Plumbing,22,48.91,9,4,8.471331609646617,0.11804519597146489,137
USSPC-FAC-2026-0395,Schriever SFB,Plumbing,21,45.43,9,2,8.628141121375277,0.11589981966365956,138
USSPC-FAC-2026-0387,Peterson SFB,ESS,20,40.2,11,1,8.719525572300746,0.11468513873927874,139
USSPC-FAC-2026-0314,Schriever SFB,Power Production,21,43.83,5,3,8.756226956895892,0.11420444044251943,140
USSPC-FAC-2026-0247,Peterson SFB,ESS,21,44.29,9,4,8.83344492666845,0.11320611701341662,141
USSPC-FAC-2026-0170,Buckley SFB,HVAC,22,49.29,12,2,8.985178685657052,0.11129439213004073,142
USSPC-FAC-2026-0362,Vandenberg SFB,Structural,20,36.14,11,3,9.063225761561041,0.1103359914348819,143
USSPC-FAC-2026-0360,Vandenberg SFB,Electrical,21,40.38,13,5,9.11862691653908,0.10966563377938308,144
USSPC-FAC-2026-0466,Buckley SFB,HVAC,20,34.17,9,5,9.145382189640861,0.10934480148163933,145
USSPC-FAC-2026-0161,Buckley SFB,Power Production,21,43.78,4,1,9.190033368613584,0.10881353308414166,146
USSPC-FAC-2026-0186,Schriever SFB,Plumbing,21,43.79,5,5,9.217607021138091,0.10848802706676149,147
USSPC-FAC-2026-0424,Vandenberg SFB,HVAC,20,36.55,7,5,9.229521395453427,0.10834798004722239,148
USSPC-FAC-2026-0256,Schriever SFB,Fire Protection,20,39.54,5,3,9.309186443708487,0.107420772593489,149
USSPC-FAC-2026-0018,Vandenberg SFB,ESS,22,52.5,6,5,9.309565733204936,0.1074163960659567,150
USSPC-FAC-2026-0415,Schriever SFB,Lighting,19,34.57,8,2,9.459590556806972,0.10571282065484491,151
USSPC-FAC-2026-0319,Buckley SFB,Plumbing,22,56.86,8,3,9.5070497621182,0.10518510211070957,152
USSPC-FAC-2026-0010,Peterson SFB,Structural,21,45.44,4,5,9.525169196375476,0.10498501174976721,153
USSPC-FAC-2026-0374,Vandenberg SFB,Electrical,21,45.73,7,4,9.656369887645841,0.10355858481346901,154
USSPC-FAC-2026-0410,Vandenberg SFB,ESS,20,43.23,7,1,9.713687811135953,0.10294751277198566,155
USSPC-FAC-2026-0249,Buckley SFB,Electrical,20,38.48,14,4,9.803562245169823,0.1020037385382743,156
USSPC-FAC-2026-0147,Schriever SFB,Lighting,21,48.78,13,4,9.892292681722196,0.10108880035946381,157
USSPC-FAC-2026-0306,Vandenberg SFB,Plumbing,21,49.15,9,4,10.047135311104784,0.09953085820340564,158
USSPC-FAC-2026-0082,Peterson SFB,Power Production,22,63.6,6,1,10.138209809291405,0.09863674344986686,159
USSPC-FAC-2026-0267,Schriever SFB,Electrical,20,44.31,5,4,10.142936098495635,0.09859078182976194,160
USSPC-FAC-2026-0455,Schriever SFB,Structural,20,43.91,14,4,10.14922010397347,0.09852973822180633,161
USSPC-FAC-2026-0037,Peterson SFB,Structural,22,62.74,4,1,10.260140359763783,0.09746455359632358,162
USSPC-FAC-2026-0452,Schriever SFB,Structural,22,61.86,6,3,10.309159566529004,0.09700111765140623,163
USSPC-FAC-2026-0461,Schriever SFB,Lighting,20,46.97,15,2,10.336873423051532,0.09674105109674368,164
USSPC-FAC-2026-0236,Peterson SFB,Power Production,19,41.43,11,3,10.563622871000186,0.09466449268510453,165
USSPC-FAC-2026-0203,Buckley SFB,ESS,19,42.53,11,2,10.70590485044152,0.0934063971210018,166
USSPC-FAC-2026-0315,Schriever SFB,Plumbing,21,60.37,4,1,11.038241235674061,0.0905941425494615,167
USSPC-FAC-2026-0196,Schriever SFB,Structural,21,58.89,4,4,11.128209987027535,0.08986171191644729,168
USSPC-FAC-2026-0077,Vandenberg SFB,Fire Protection,19,47.27,15,1,11.135853371918493,0.0898000329747265,169
USSPC-FAC-2026-0169,Schriever SFB,Structural,19,39.47,15,5,11.168638745737422,0.08953642630635322,170
USSPC-FAC-2026-0414,Schriever SFB,Plumbing,22,67.24,6,3,11.188971210843777,0.08937372177978717,171
USSPC-FAC-2026-0001,Schriever SFB,ESS,21,54.83,12,5,11.217399060750429,0.08914722517976474,172
USSPC-FAC-2026-0036,Buckley SFB,ESS,20,49.74,11,4,11.335223386882143,0.0882205816214672,173
USSPC-FAC-2026-0456,Peterson SFB,Fire Protection,19,50.28,11,1,11.632974589618762,0.08596253626242746,174
USSPC-FAC-2026-0347,Buckley SFB,Power Production,21,57.11,9,3,11.800195685770454,0.08474435735043562,175
USSPC-FAC-2026-0011,Schriever SFB,Lighting,20,54.63,14,3,11.891288075534233,0.08409517906285133,176
USSPC-FAC-2026-0058,Vandenberg SFB,Plumbing,20,50.95,12,5,11.90874958334748,0.08397187236167458,177
USSPC-FAC-2026-0421,Schriever SFB,Plumbing,19,50.87,8,3,11.923330679771384,0.08386918276925402,178
USSPC-FAC-2026-0034,Schriever SFB,Plumbing,19,51.48,7,1,12.2083654704033,0.0819110471769785,179
USSPC-FAC-2026-0237,Peterson SFB,Structural,19,52.38,12,2,12.248517050399139,0.08164253647076511,180
USSPC-FAC-2026-0363,Peterson SFB,Structural,21,63.97,7,5,12.412697053904335,0.08056266866558677,181
USSPC-FAC-2026-0199,Schriever SFB,HVAC,20,54.07,8,5,12.43284372213339,0.08043212175342995,182
USSPC-FAC-2026-0098,Schriever SFB,Plumbing,18,49.8,15,1,12.615841581987896,0.07926542145454149,183
USSPC-FAC-2026-0246,Vandenberg SFB,Power Production,20,55.93,15,5,12.784943028799798,0.07821700869118978,184
USSPC-FAC-2026-0191,Peterson SFB,Fire Protection,19,55.49,8,1,12.84951200350635,0.07782396714576569,185
USSPC-FAC-2026-0417,Peterson SFB,HVAC,18,49.44,12,1,13.475954650598947,0.07420624556313377,186
USSPC-FAC-2026-0187,Buckley SFB,Fire Protection,18,45.69,7,3,13.68716304775642,0.07306115931481642,187
USSPC-FAC-2026-0292,Vandenberg SFB,Plumbing,19,62.13,6,2,13.96511257059364,0.07160701318696862,188
USSPC-FAC-2026-0271,Schriever SFB,Structural,19,63.25,6,1,14.33015243423861,0.06978292831070865,189
USSPC-FAC-2026-0174,Schriever SFB,Structural,19,60.26,13,4,14.387277531864175,0.06950585319461958,190
USSPC-FAC-2026-0394,Vandenberg SFB,HVAC,19,57.32,14,5,14.825378110634418,0.0674519052760407,191
USSPC-FAC-2026-0125,Vandenberg SFB,Electrical,18,53.83,9,2,14.86860631292298,0.06725579916194666,192
USSPC-FAC-2026-0007,Vandenberg SFB,Power Production,21,71.06,13,5,14.948672560978688,0.06689557189247379,193
USSPC-FAC-2026-0263,Buckley SFB,ESS,17,50.28,9,1,15.212062412479272,0.06573730588823028,194
USSPC-FAC-2026-0027,Peterson SFB,Structural,19,62.07,7,5,15.255830119423656,0.0655487110286319,195
USSPC-FAC-2026-0065,Buckley SFB,Power Production,19,59.45,16,4,15.537235823024352,0.06436151265195562,196
USSPC-FAC-2026-0450,Peterson SFB,Electrical,18,56.25,8,5,15.59911031514796,0.06410622014955054,197
USSPC-FAC-2026-0389,Peterson SFB,Power Production,18,55.58,11,3,15.666371543591966,0.06383098965944231,198
USSPC-FAC-2026-0438,Schriever SFB,Power Production,17,50.55,14,2,15.83761837764978,0.06314080666391172,199
USSPC-FAC-2026-0049,Buckley SFB,HVAC,17,49.16,16,3,15.923152323352388,0.06280163498363524,200
USSPC-FAC-2026-0419,Peterson SFB,ESS,18,58.46,7,4,15.952398742875324,0.06268649725462892,201
USSPC-FAC-2026-0219,Vandenberg SFB,Plumbing,18,61.67,10,1,16.175321229994008,0.061822574388550204,202
USSPC-FAC-2026-0113,Vandenberg SFB,Electrical,19,63.32,7,4,16.34436054798127,0.06118318285162354,203
USSPC-FAC-2026-0289,Vandenberg SFB,Fire Protection,16,42.71,13,4,16.534506158132455,0.06047958072870247,204
USSPC-FAC-2026-0478,Schriever SFB,ESS,17,56.7,9,3,16.62809574928771,0.06013917739455142,205
USSPC-FAC-2026-0329,Buckley SFB,Plumbing,18,62.3,11,3,16.87924708408665,0.0592443486974473,206
USSPC-FAC-2026-0485,Vandenberg SFB,HVAC,17,55.09,16,1,16.88034880882245,0.05924048201405375,207
USSPC-FAC-2026-0328,Peterson SFB,Power Production,19,67.72,6,5,16.894524994231098,0.059190773362463034,208
USSPC-FAC-2026-0305,Schriever SFB,Lighting,18,60.97,14,4,16.993740383507,0.05884519696267303,209
USSPC-FAC-2026-0066,Schriever SFB,HVAC,16,51.58,10,1,17.163564526191273,0.05826295572076645,210
USSPC-FAC-2026-0184,Buckley SFB,Power Production,17,53.92,8,3,17.31253399877004,0.057761619418107396,211
USSPC-FAC-2026-0105,Peterson SFB,Lighting,17,59.78,17,2,17.364864884125485,0.0575875485742578,212
USSPC-FAC-2026-0388,Vandenberg SFB,ESS,16,54.11,9,2,17.733367338869556,0.056390869308172054,213
USSPC-FAC-2026-0423,Vandenberg SFB,Electrical,16,46.9,11,3,17.734642826280318,0.05638681363901711,214
USSPC-FAC-2026-0072,Schriever SFB,Power Production,17,56.5,8,3,17.74173477316137,0.056364274000575185,215
USSPC-FAC-2026-0190,Schriever SFB,Lighting,18,62.29,9,5,17.764459390407065,0.05629217180343845,216
USSPC-FAC-2026-0210,Schriever SFB,Fire Protection,17,59.32,17,2,17.892486122334983,0.05588938245712605,217
USSPC-FAC-2026-0470,Buckley SFB,Power Production,18,67.01,7,2,18.03100406473519,0.05546002853805504,218
USSPC-FAC-2026-0140,Schriever SFB,HVAC,17,61.56,12,1,18.10703302854127,0.05522715943709534,219
USSPC-FAC-2026-0343,Peterson SFB,Structural,17,56.96,14,5,18.22860613310313,0.05485882972609743,220
USSPC-FAC-2026-0296,Buckley SFB,Power Production,19,69.93,8,4,18.262983860222356,0.054755565008084324,221
USSPC-FAC-2026-0135,Schriever SFB,Power Production,17,58.69,17,4,18.40467729311183,0.05433401434179245,222
USSPC-FAC-2026-0124,Vandenberg SFB,Power Production,18,67.39,12,4,18.498673993536006,0.0540579287115082,223
USSPC-FAC-2026-0443,Buckley SFB,Plumbing,18,64.48,8,5,18.68101129905295,0.053530292551704405,224
USSPC-FAC-2026-0382,Peterson SFB,Lighting,16,55.62,19,3,19.135361732335063,0.05225926815431941,225
USSPC-FAC-2026-0146,Vandenberg SFB,ESS,16,57.11,14,2,19.301386555420283,0.051809749373636395,226
USSPC-FAC-2026-0038,Peterson SFB,Electrical,15,49.84,17,1,19.531827267954245,0.05119848677141919,227
USSPC-FAC-2026-0488,Vandenberg SFB,Plumbing,16,57.12,13,4,20.083826577705192,0.04979130825149066,228
USSPC-FAC-2026-0099,Vandenberg SFB,ESS,16,56.89,15,5,20.233269745943293,0.04942354906331918,229
USSPC-FAC-2026-0320,Schriever SFB,Lighting,17,63.22,18,5,20.28033200184675,0.049308857463918186,230
USSPC-FAC-2026-0330,Peterson SFB,ESS,15,51.62,12,3,20.47456199826763,0.048841093649994116,231
USSPC-FAC-2026-0425,Vandenberg SFB,Electrical,15,52.82,18,3,20.56377403598436,0.04862920581845089,232
USSPC-FAC-2026-0253,Peterson SFB,Electrical,18,79.02,16,2,20.652414351439692,0.04842048890667785,233
USSPC-FAC-2026-0433,Vandenberg SFB,Power Production,15,53.17,14,3,20.716317862221803,0.04827112649316875,234
USSPC-FAC-2026-0439,Schriever SFB,HVAC,16,59.87,15,3,20.795322675663808,0.0480877366317702,235
USSPC-FAC-2026-0384,Schriever SFB,Power Production,15,50.99,12,5,20.846031043846793,0.04797076229506883,236
USSPC-FAC-2026-0291,Buckley SFB,Fire Protection,16,60.53,12,2,21.696878754026006,0.046089578659531526,237
USSPC-FAC-2026-0026,Peterson SFB,Structural,15,57.65,18,1,21.710459856952408,0.04606074705873938,238
USSPC-FAC-2026-0189,Schriever SFB,HVAC,17,67.58,14,5,21.802281592042593,0.04586675920950312,239
USSPC-FAC-2026-0359,Buckley SFB,Electrical,15,52.71,17,2,21.89118078403568,0.04568049617173954,240
USSPC-FAC-2026-0352,Vandenberg SFB,Fire Protection,15,57.87,15,2,22.353366634700883,0.0447359906157322,241
USSPC-FAC-2026-0418,Vandenberg SFB,Plumbing,15,58.33,15,3,22.493209809267945,0.04445786121587533,242
USSPC-FAC-2026-0337,Peterson SFB,Power Production,17,72.61,8,4,22.51236411862405,0.044420034907516406,243
USSPC-FAC-2026-0102,Schriever SFB,Fire Protection,17,75.46,10,3,22.568236117011676,0.04431006458879662,244
USSPC-FAC-2026-0413,Peterson SFB,HVAC,15,64.25,18,1,22.692670580675802,0.04406709190286141,245
USSPC-FAC-2026-0028,Schriever SFB,Lighting,16,65.36,16,2,22.899720718137125,0.04366865484119097,246
USSPC-FAC-2026-0487,Peterson SFB,Structural,16,70.64,12,2,23.104030295821413,0.04328249172097301,247
USSPC-FAC-2026-0285,Schriever SFB,HVAC,17,74.17,10,5,23.20459953907563,0.04309490445271591,248
USSPC-FAC-2026-0149,Buckley SFB,ESS,14,58.34,16,1,24.081214305820748,0.04152614512293455,249
USSPC-FAC-2026-0245,Buckley SFB,Structural,15,63.19,20,2,24.339464031126433,0.04108553905382443,250
USSPC-FAC-2026-0004,Buckley SFB,Plumbing,18,80.56,7,5,24.452928861546294,0.04089489670795879,251
USSPC-FAC-2026-0103,Buckley SFB,Structural,14,57.17,14,2,24.5253630415581,0.04077411609791485,252
USSPC-FAC-2026-0286,Vandenberg SFB,Power Production,16,69.74,17,2,24.593959857423453,0.040660390022477795,253
USSPC-FAC-2026-0048,Vandenberg SFB,ESS,16,72.62,18,2,24.983378912302136,0.040026611432754884,254
USSPC-FAC-2026-0498,Vandenberg SFB,Fire Protection,13,45.45,21,5,25.233118600134844,0.03963045614166202,255
USSPC-FAC-2026-0377,Schriever SFB,Structural,16,76.14,18,2,25.47292694723291,0.03925736536172294,256
USSPC-FAC-2026-0308,Buckley SFB,ESS,15,67.93,20,3,25.924732210884073,0.038573204608847084,257
USSPC-FAC-2026-0275,Buckley SFB,Plumbing,16,72.8,17,4,26.24590165088622,0.03810118674152061,258
USSPC-FAC-2026-0224,Vandenberg SFB,Lighting,16,72.44,10,5,26.528180021771632,0.03769576349298375,259
USSPC-FAC-2026-0230,Schriever SFB,Plumbing,13,55.26,13,4,26.591595148632912,0.03760586735810809,260
USSPC-FAC-2026-0375,Vandenberg SFB,Electrical,13,52.13,19,4,26.937500088622038,0.03712296971545566,261
USSPC-FAC-2026-0142,Peterson SFB,ESS,14,66.9,12,2,27.257760866231155,0.036686799216837755,262
USSPC-FAC-2026-0222,Buckley SFB,HVAC,14,62.85,20,3,27.464435976950647,0.0364107240665435,263
USSPC-FAC-2026-0017,Schriever SFB,Power Production,13,51.14,18,4,27.544066810697,0.036305459425172486,264
USSPC-FAC-2026-0172,Vandenberg SFB,Structural,15,74.26,13,2,27.561082399269853,0.03628304525610692,265
USSPC-FAC-2026-0493,Peterson SFB,Structural,15,77.79,15,2,28.492553413836227,0.03509688954428323,266
USSPC-FAC-2026-0003,Peterson SFB,Fire Protection,14,67.71,17,2,28.6393472377293,0.03491699694476996,267
USSPC-FAC-2026-0268,Buckley SFB,Lighting,15,70.04,10,2,28.67238882704599,0.03487675917176191,268
USSPC-FAC-2026-0031,Peterson SFB,Structural,13,62.46,15,1,29.002253753368745,0.034480078979511906,269
USSPC-FAC-2026-0239,Peterson SFB,ESS,14,71.42,18,3,29.32869223972765,0.034096303777412684,270
USSPC-FAC-2026-0084,Peterson SFB,Power Production,16,82.25,13,5,29.56864350738166,0.03381961028243839,271
USSPC-FAC-2026-0379,Vandenberg SFB,Power Production,13,61.09,14,2,30.114926329529602,0.03320612473222079,272
USSPC-FAC-2026-0358,Schriever SFB,HVAC,15,77.7,19,4,30.289303379739085,0.0330149553940852,273
USSPC-FAC-2026-0261,Buckley SFB,Electrical,17,87.5,17,4,30.299103520684383,0.033004276820181394,274
USSPC-FAC-2026-0312,Peterson SFB,Lighting,13,61.35,13,2,30.350705483912822,0.03294816328174127,275
USSPC-FAC-2026-0079,Peterson SFB,HVAC,13,64.72,21,1,30.768594750458586,0.03250067180871481,276
USSPC-FAC-2026-0322,Peterson SFB,Fire Protection,13,64.18,17,2,31.210121280712293,0.03204088798648774,277
USSPC-FAC-2026-0311,Buckley SFB,Fire Protection,15,79.89,16,1,31.482907550660343,0.03176326704866322,278
USSPC-FAC-2026-0429,Peterson SFB,ESS,15,79.92,12,5,31.75914551204473,0.03148699323855384,279
USSPC-FAC-2026-0460,Peterson SFB,Lighting,13,65.24,18,4,31.763573043517255,0.03148260425960151,280
USSPC-FAC-2026-0303,Peterson SFB,Structural,12,58.78,18,3,32.344017310265535,0.030917618872366052,281
USSPC-FAC-2026-0342,Buckley SFB,Power Production,14,73.67,21,1,32.55932076872393,0.0307131714172793,282
USSPC-FAC-2026-0145,Buckley SFB,Plumbing,14,75.77,12,1,33.120682170973076,0.030192614839207592,283
USSPC-FAC-2026-0476,Buckley SFB,HVAC,12,58.53,20,2,33.14998972313279,0.03016592187062363,284
USSPC-FAC-2026-0112,Peterson SFB,HVAC,14,74.19,11,5,33.30507297593195,0.030025455903449128,285
USSPC-FAC-2026-0086,Schriever SFB,Plumbing,15,87.65,19,1,33.435628307524595,0.02990821619389018,286
USSPC-FAC-2026-0444,Buckley SFB,Plumbing,12,62.25,23,1,33.46021440081361,0.029886240058751214,287
USSPC-FAC-2026-0331,Peterson SFB,ESS,10,52.46,19,1,33.801778850254344,0.02958424183620962,288
USSPC-FAC-2026-0422,Buckley SFB,Electrical,13,64.8,22,4,34.238088405849744,0.02920723809537057,289
USSPC-FAC-2026-0277,Buckley SFB,ESS,14,76.57,17,2,34.564630063276574,0.0289313092073986,290
USSPC-FAC-2026-0270,Schriever SFB,HVAC,12,61.63,21,5,34.60450059956963,0.028897975196106044,291
USSPC-FAC-2026-0409,Vandenberg SFB,Lighting,13,67.13,14,3,34.62899517881146,0.02887753441404713,292
USSPC-FAC-2026-0052,Vandenberg SFB,Power Production,14,74.37,12,4,35.06671340283786,0.02851707225916052,293
USSPC-FAC-2026-0083,Vandenberg SFB,HVAC,13,71.62,15,3,35.07660199862373,0.02850903288862576,294
USSPC-FAC-2026-0325,Buckley SFB,Lighting,13,67.62,13,4,35.23243633580488,0.02838293640748745,295
USSPC-FAC-2026-0284,Buckley SFB,ESS,13,72.6,14,1,35.79116661844849,0.027939854843528678,296
USSPC-FAC-2026-0231,Buckley SFB,Structural,11,58.09,21,3,36.35522524570607,0.02750636237958972,297
USSPC-FAC-2026-0241,Vandenberg SFB,Plumbing,12,70.7,19,2,36.43539605383185,0.027445838615903603,298
USSPC-FAC-2026-0349,Vandenberg SFB,Lighting,13,74.68,18,3,36.61246475370944,0.027313102429103293,299
USSPC-FAC-2026-0162,Buckley SFB,ESS,12,66.52,13,1,36.73949323854493,0.027218666123321984,300
USSPC-FAC-2026-0403,Schriever SFB,ESS,12,67.76,14,3,37.064067732706235,0.02698030899392016,301
USSPC-FAC-2026-0427,Vandenberg SFB,HVAC,12,67.76,14,4,37.39051955473963,0.02674474738271562,302
USSPC-FAC-2026-0157,Peterson SFB,Power Production,12,73.02,14,1,38.159331564731154,0.026205909773436706,303
USSPC-FAC-2026-0432,Vandenberg SFB,Fire Protection,13,73.1,14,4,38.267460925054564,0.02613186179136535,304
USSPC-FAC-2026-0050,Schriever SFB,Fire Protection,12,68.57,23,4,38.27800141850869,0.026124665942367273,305
USSPC-FAC-2026-0376,Peterson SFB,Fire Protection,13,84.05,15,1,38.973508479787775,0.025658454653078373,306
USSPC-FAC-2026-0442,Buckley SFB,Plumbing,11,64.93,19,3,39.51857759264271,0.02530455448847362,307
USSPC-FAC-2026-0316,Schriever SFB,HVAC,11,67.88,22,1,39.816131046217755,0.025115448782284253,308
USSPC-FAC-2026-0107,Vandenberg SFB,Structural,13,81.1,22,3,40.44640681592294,0.02472407510885046,309
USSPC-FAC-2026-0151,Vandenberg SFB,ESS,13,80.02,19,3,40.85501018642946,0.024476802121375152,310
USSPC-FAC-2026-0195,Schriever SFB,Lighting,12,74.93,22,3,41.82000170144512,0.02391200285306168,311
USSPC-FAC-2026-0116,Peterson SFB,Plumbing,13,86.38,17,1,41.83095786262155,0.023905739937491594,312
USSPC-FAC-2026-0369,Peterson SFB,Electrical,12,75.79,21,2,42.329835863525425,0.023623998997399264,313
USSPC-FAC-2026-0457,Schriever SFB,Power Production,10,62.71,19,2,42.89191909468629,0.023314414955237714,314
USSPC-FAC-2026-0390,Buckley SFB,Power Production,11,68.42,21,2,43.00035281623934,0.023255623140430233,315
USSPC-FAC-2026-0240,Vandenberg SFB,Power Production,12,75.23,23,4,43.2192656870261,0.0231378294865428,316
USSPC-FAC-2026-0269,Buckley SFB,ESS,11,67.77,16,3,43.23275593781528,0.023130609610878625,317
USSPC-FAC-2026-0096,Vandenberg SFB,Lighting,11,67.49,16,3,43.233848535597915,0.023130025058412725,318
USSPC-FAC-2026-0298,Peterson SFB,Fire Protection,12,79.88,22,4,44.94188956896126,0.022250955836326063,319
USSPC-FAC-2026-0335,Buckley SFB,Electrical,11,68.83,23,2,44.98864069204751,0.022227833173380732,320
USSPC-FAC-2026-0109,Schriever SFB,Fire Protection,13,90.01,15,2,45.13459535473544,0.022155953590377805,321
USSPC-FAC-2026-0067,Schriever SFB,HVAC,10,61.16,21,4,45.308768620047495,0.022070782995359008,322
USSPC-FAC-2026-0138,Peterson SFB,Electrical,10,69.57,25,2,46.850526337268846,0.02134447738753611,323
USSPC-FAC-2026-0304,Schriever SFB,Plumbing,10,68.28,23,3,47.05663158860296,0.02125098984437718,324
USSPC-FAC-2026-0123,Peterson SFB,Electrical,10,69.79,25,3,48.111971439349816,0.020784847722579915,325
USSPC-FAC-2026-0131,Vandenberg SFB,HVAC,9,64.66,17,1,48.47247800629313,0.0206302636285723,326
USSPC-FAC-2026-0264,Peterson SFB,Electrical,9,59.98,16,3,48.73355601955074,0.020519742076667336,327
USSPC-FAC-2026-0071,Vandenberg SFB,HVAC,9,61.84,23,4,48.81694614242527,0.02048468982640705,328
USSPC-FAC-2026-0489,Schriever SFB,Lighting,11,80.04,16,1,49.63451338698533,0.020147271157940072,329
USSPC-FAC-2026-0471,Buckley SFB,Power Production,12,83.27,20,2,49.96390844022914,0.020014447052241334,330
USSPC-FAC-2026-0165,Schriever SFB,Structural,12,86.74,23,4,50.423325075962154,0.019832091566621433,331
USSPC-FAC-2026-0005,Peterson SFB,Fire Protection,9,70.08,25,1,50.51831415197303,0.019794801485095565,332
USSPC-FAC-2026-0047,Schriever SFB,ESS,13,95.42,15,4,50.55344362082419,0.019781046124186796,333
USSPC-FAC-2026-0340,Peterson SFB,Fire Protection,10,75.05,15,3,50.66608265981911,0.019737069603627616,334
USSPC-FAC-2026-0029,Schriever SFB,Lighting,8,57.68,21,3,51.84377111440965,0.01928872029376845,335
USSPC-FAC-2026-0242,Schriever SFB,HVAC,11,81.0,17,3,51.969099128047375,0.01924220386303188,336
USSPC-FAC-2026-0013,Peterson SFB,Lighting,9,64.15,26,3,52.19968995906905,0.01915720190645045,337
USSPC-FAC-2026-0494,Peterson SFB,Electrical,9,70.4,22,1,52.2381616185006,0.019143093267773827,338
USSPC-FAC-2026-0307,Vandenberg SFB,HVAC,11,85.8,18,1,52.805509875238705,0.018937417749826803,339
USSPC-FAC-2026-0468,Buckley SFB,ESS,9,70.11,19,2,53.37172962257594,0.018736511015693326,340
USSPC-FAC-2026-0008,Peterson SFB,Lighting,10,76.51,24,2,53.458964006221784,0.018705936760832396,341
USSPC-FAC-2026-0097,Schriever SFB,ESS,9,72.85,24,2,53.71749176057036,0.018615910148172977,342
USSPC-FAC-2026-0051,Vandenberg SFB,HVAC,9,66.28,24,4,54.34232313133841,0.018401863269318253,343
USSPC-FAC-2026-0054,Buckley SFB,Lighting,11,77.69,23,5,54.485600245470394,0.018353473128583805,344
USSPC-FAC-2026-0348,Buckley SFB,Plumbing,9,68.62,22,3,55.17361337258157,0.01812460592796607,345
USSPC-FAC-2026-0080,Schriever SFB,Electrical,9,65.68,21,5,55.255916805094536,0.01809760941126582,346
USSPC-FAC-2026-0090,Vandenberg SFB,Lighting,10,77.37,15,4,55.728821916219864,0.01794403623861552,347
USSPC-FAC-2026-0467,Buckley SFB,Electrical,10,80.94,23,1,57.19145306554195,0.017485130144428932,348
USSPC-FAC-2026-0076,Peterson SFB,ESS,8,67.96,18,4,58.08492899480991,0.017216169793189445,349
USSPC-FAC-2026-0367,Schriever SFB,Fire Protection,8,67.22,25,2,58.83354675861783,0.016997105479681487,350
USSPC-FAC-2026-0023,Peterson SFB,Plumbing,8,70.19,21,3,59.43316738433901,0.016825621854094655,351
USSPC-FAC-2026-0213,Buckley SFB,Electrical,10,83.34,24,2,59.56721608294976,0.01678775786008632,352
USSPC-FAC-2026-0068,Buckley SFB,Plumbing,8,70.27,21,1,59.63120685445018,0.01676974276976874,353
USSPC-FAC-2026-0364,Peterson SFB,Power Production,8,68.64,23,2,59.97559518351583,0.0166734485408633,354
USSPC-FAC-2026-0353,Buckley SFB,ESS,12,95.33,23,4,60.07930559164813,0.01664466641470327,355
USSPC-FAC-2026-0163,Peterson SFB,Plumbing,7,61.28,25,5,60.22877870058335,0.016603358420586977,356
USSPC-FAC-2026-0227,Schriever SFB,ESS,8,69.84,22,4,60.55784260416054,0.01651313780341469,357
USSPC-FAC-2026-0440,Schriever SFB,Electrical,10,80.32,23,5,61.275483197610185,0.01631974074810725,358
USSPC-FAC-2026-0211,Schriever SFB,Electrical,9,74.28,26,3,61.31161209407211,0.01631012406696585,359
USSPC-FAC-2026-0318,Peterson SFB,Fire Protection,9,75.07,21,4,62.13610807950834,0.016093701889413746,360
USSPC-FAC-2026-0192,Schriever SFB,Structural,9,80.04,20,3,62.17492369533987,0.016083654640254137,361
USSPC-FAC-2026-0380,Schriever SFB,Power Production,9,78.07,21,1,62.19379389380257,0.016078774703912172,362
USSPC-FAC-2026-0228,Vandenberg SFB,Fire Protection,9,78.11,17,4,63.72627613830918,0.01569211415758292,363
USSPC-FAC-2026-0201,Vandenberg SFB,Power Production,9,78.79,26,4,63.902974606647334,0.01564872380598035,364
USSPC-FAC-2026-0317,Buckley SFB,ESS,10,85.89,15,3,64.22819836390117,0.015569485451456165,365
USSPC-FAC-2026-0431,Vandenberg SFB,HVAC,9,77.36,19,5,64.55602457930951,0.015490421018280987,366
USSPC-FAC-2026-0430,Schriever SFB,Electrical,7,68.44,22,2,66.7431216248155,0.014982817339909884,367
USSPC-FAC-2026-0294,Buckley SFB,Fire Protection,9,80.93,20,4,67.11320472532014,0.01490019742154743,368
USSPC-FAC-2026-0428,Peterson SFB,ESS,7,70.13,24,2,67.19385813564081,0.014882312576565422,369
USSPC-FAC-2026-0385,Schriever SFB,HVAC,8,74.09,26,5,67.30074571021959,0.014858676370478172,370
USSPC-FAC-2026-0238,Schriever SFB,Plumbing,10,91.47,18,4,67.30848087192489,0.014856968795697647,371
USSPC-FAC-2026-0313,Buckley SFB,HVAC,8,77.56,17,2,68.48793681747365,0.01460111147259535,372
USSPC-FAC-2026-0404,Buckley SFB,Fire Protection,9,84.51,25,2,68.962888512244,0.01450055271136816,373
USSPC-FAC-2026-0046,Buckley SFB,Structural,8,75.09,25,3,69.9954940710212,0.014286633922254283,374
USSPC-FAC-2026-0075,Schriever SFB,Plumbing,8,80.03,19,5,71.93270760157128,0.0139018818190316,375
USSPC-FAC-2026-0401,Schriever SFB,Plumbing,9,91.88,21,1,72.56152051243448,0.013781409112404629,376
USSPC-FAC-2026-0204,Schriever SFB,HVAC,8,79.31,25,5,75.87891245976782,0.013178892100360764,377
USSPC-FAC-2026-0152,Schriever SFB,Structural,8,80.08,17,5,76.48493241298391,0.013074470597691765,378
USSPC-FAC-2026-0475,Peterson SFB,ESS,7,79.51,22,1,77.34027390616866,0.012929874042251615,379
USSPC-FAC-2026-0490,Vandenberg SFB,Structural,7,77.0,22,4,77.6955392101492,0.012870751785314492,380
USSPC-FAC-2026-0040,Buckley SFB,Lighting,8,79.43,27,4,77.9892913322354,0.012822273198252142,381
USSPC-FAC-2026-0365,Schriever SFB,Plumbing,8,87.08,24,4,79.75153802278236,0.012538943132536621,382
USSPC-FAC-2026-0137,Schriever SFB,HVAC,7,82.35,19,3,83.60602843777416,0.011960859984448067,383
USSPC-FAC-2026-0371,Peterson SFB,Electrical,8,90.9,20,2,83.99831531664209,0.011905000668529788,384
USSPC-FAC-2026-0043,Buckley SFB,Electrical,8,86.82,18,4,85.09734388271416,0.011751248092751932,385
USSPC-FAC-2026-0405,Buckley SFB,Power Production,7,84.68,27,2,86.99357533733058,0.01149510174886307,386
USSPC-FAC-2026-0327,Schriever SFB,Fire Protection,7,80.64,21,5,87.20963507009084,0.011466622916106629,387
USSPC-FAC-2026-0101,Peterson SFB,Fire Protection,7,85.45,19,2,88.08488324961594,0.011352685762961036,388
USSPC-FAC-2026-0057,Vandenberg SFB,ESS,7,88.52,18,1,88.71293428283235,0.011272313424013516,389
USSPC-FAC-2026-0085,Peterson SFB,Plumbing,8,92.91,23,5,90.04263573469214,0.011105849932541616,390
USSPC-FAC-2026-0310,Peterson SFB,Fire Protection,6,84.18,29,1,91.23592725682994,0.010960594472668549,391
USSPC-FAC-2026-0095,Schriever SFB,Electrical,5,76.59,21,1,91.87875650920164,0.01088390872921588,392
USSPC-FAC-2026-0121,Buckley SFB,ESS,6,81.41,22,1,92.163844020105,0.01085024187773522,393
USSPC-FAC-2026-0436,Schriever SFB,Lighting,5,70.44,20,5,92.42397436047973,0.010819703512204704,394
USSPC-FAC-2026-0012,Vandenberg SFB,Lighting,7,86.3,22,5,93.45864135656032,0.010699920151683279,395
USSPC-FAC-2026-0479,Schriever SFB,HVAC,8,98.21,23,4,95.13963566359922,0.010510866402052071,396
USSPC-FAC-2026-0114,Peterson SFB,Power Production,6,85.45,24,3,98.54678643810068,0.010147464327800492,397
USSPC-FAC-2026-0177,Vandenberg SFB,Plumbing,7,93.07,19,5,99.75810919862184,0.010024247733173907,398
USSPC-FAC-2026-0092,Schriever SFB,Plumbing,8,100.0,19,5,101.73033567965287,0.009829909567476347,399
USSPC-FAC-2026-0033,Schriever SFB,Electrical,5,82.73,30,1,102.84670075703346,0.009723209326494727,400
USSPC-FAC-2026-0226,Buckley SFB,ESS,7,91.66,21,5,103.02087116861941,0.009706770954821864,401
USSPC-FAC-2026-0055,Peterson SFB,ESS,4,75.23,26,2,103.8744900199917,0.009627002739628757,402
USSPC-FAC-2026-0462,Schriever SFB,HVAC,5,82.78,24,2,104.36383366425197,0.009581863418481653,403
USSPC-FAC-2026-0110,Buckley SFB,ESS,5,83.53,24,2,105.41362570597028,0.009486439663780233,404
USSPC-FAC-2026-0357,Schriever SFB,Electrical,3,68.61,22,1,107.87219574627912,0.00927022939583107,405
USSPC-FAC-2026-0496,Schriever SFB,Electrical,7,96.7,22,5,110.23742497809886,0.00907132945275774,406
USSPC-FAC-2026-0458,Peterson SFB,HVAC,6,93.26,29,3,112.07512977819283,0.008922586143590407,407
USSPC-FAC-2026-0356,Peterson SFB,Power Production,5,83.22,21,5,112.57676390732645,0.00888282772831526,408
USSPC-FAC-2026-0136,Peterson SFB,Plumbing,5,88.33,24,3,114.25338682928091,0.008752475771192801,409
USSPC-FAC-2026-0045,Schriever SFB,Lighting,5,89.51,27,2,115.04438342232874,0.008692297444274119,410
USSPC-FAC-2026-0019,Peterson SFB,Structural,5,86.23,21,3,115.40058495885982,0.00866546734019155,411
USSPC-FAC-2026-0127,Schriever SFB,Lighting,5,82.86,21,5,116.21098104139618,0.008605038792709135,412
USSPC-FAC-2026-0355,Schriever SFB,Fire Protection,4,78.24,26,4,117.45097431708007,0.008514190757586394,413
USSPC-FAC-2026-0482,Peterson SFB,ESS,5,95.27,20,1,119.7252571806678,0.008352456478677512,414
USSPC-FAC-2026-0454,Vandenberg SFB,Plumbing,5,89.6,29,4,121.7784260113579,0.008211635120877102,415
USSPC-FAC-2026-0144,Buckley SFB,Lighting,5,83.47,22,5,124.13947521321187,0.008055455351994048,416
USSPC-FAC-2026-0334,Schriever SFB,Fire Protection,5,94.4,20,1,124.3059774123454,0.00804466543618268,417
USSPC-FAC-2026-0089,Schriever SFB,Electrical,5,93.8,25,3,125.00334246126953,0.007999786088198686,418
USSPC-FAC-2026-0336,Buckley SFB,Plumbing,4,79.83,27,5,127.37115089169367,0.007851071400385797,419
USSPC-FAC-2026-0155,Peterson SFB,Power Production,4,85.87,30,2,128.25111800260555,0.007797202984068209,420
USSPC-FAC-2026-0218,Peterson SFB,Structural,5,95.66,27,4,128.43856382965362,0.007785823588982876,421
USSPC-FAC-2026-0024,Buckley SFB,Electrical,2,70.1,25,1,128.66540502490514,0.007772096934731095,422
USSPC-FAC-2026-0333,Buckley SFB,Fire Protection,5,89.65,25,5,128.90258155013504,0.007757796531104092,423
USSPC-FAC-2026-0139,Peterson SFB,Structural,3,82.14,27,3,129.4423682825254,0.007725445796984844,424
USSPC-FAC-2026-0280,Vandenberg SFB,Plumbing,4,88.43,26,2,131.32539611038848,0.007614673396145158,425
USSPC-FAC-2026-0104,Schriever SFB,HVAC,5,91.88,29,5,131.38941419456745,0.007610963228126996,426
USSPC-FAC-2026-0283,Peterson SFB,ESS,4,88.94,27,5,131.82960260995696,0.007585549680815551,427
USSPC-FAC-2026-0120,Peterson SFB,Structural,4,84.84,25,5,133.58636146074443,0.007485794126474948,428
USSPC-FAC-2026-0412,Vandenberg SFB,Electrical,5,99.58,28,2,134.6311294635942,0.007427702671620321,429
USSPC-FAC-2026-0122,Peterson SFB,Power Production,2,72.27,27,5,136.5616317552097,0.0073227010189254775,430
USSPC-FAC-2026-0063,Peterson SFB,ESS,3,85.68,25,1,136.9257954159456,0.007303225787093333,431
USSPC-FAC-2026-0022,Schriever SFB,Electrical,5,97.12,22,4,137.33342831144233,0.007281548362225529,432
USSPC-FAC-2026-0148,Vandenberg SFB,Structural,4,87.35,26,5,141.6366869677397,0.007060317643745564,433
USSPC-FAC-2026-0420,Schriever SFB,Lighting,4,95.32,25,2,141.63850509157655,0.007060227014916945,434
USSPC-FAC-2026-0345,Buckley SFB,Electrical,3,85.74,32,2,142.01025959831412,0.007041744750193186,435
USSPC-FAC-2026-0426,Peterson SFB,Electrical,4,91.37,25,3,142.34621719498227,0.007025125217273776,436
USSPC-FAC-2026-0411,Peterson SFB,HVAC,3,86.97,30,4,143.15392698030863,0.006985487727050295,437
USSPC-FAC-2026-0259,Peterson SFB,Fire Protection,5,100.0,24,5,143.92346569092453,0.00694813729782952,438
USSPC-FAC-2026-0015,Buckley SFB,Electrical,5,100.0,20,4,146.01833170165168,0.006848455179197808,439
USSPC-FAC-2026-0111,Schriever SFB,ESS,2,78.33,31,5,147.40697393809737,0.0067839395469846886,440
USSPC-FAC-2026-0233,Vandenberg SFB,Plumbing,2,81.85,27,1,147.59582002373654,0.006775259623471578,441
USSPC-FAC-2026-0272,Schriever SFB,ESS,3,86.66,31,4,147.85510764266044,0.00676337812026638,442
USSPC-FAC-2026-0143,Schriever SFB,Lighting,5,100.0,26,5,147.95858836627193,0.0067586478827744495,443
USSPC-FAC-2026-0094,Buckley SFB,Plumbing,2,84.96,28,1,149.5550882855744,0.006686499345916649,444
USSPC-FAC-2026-0338,Vandenberg SFB,Structural,2,80.23,30,2,150.44134520438573,0.0066471088691837064,445
USSPC-FAC-2026-0473,Peterson SFB,Electrical,3,89.87,24,4,150.94790315556972,0.0066248021939687455,446
USSPC-FAC-2026-0383,Buckley SFB,HVAC,5,100.0,27,5,151.13975626510955,0.006616392832114478,447
USSPC-FAC-2026-0495,Schriever SFB,Lighting,4,100.0,26,2,152.2010265206836,0.006570257920462208,448
USSPC-FAC-2026-0344,Buckley SFB,ESS,2,78.51,29,5,153.0723403941325,0.006532858891588042,449
USSPC-FAC-2026-0437,Buckley SFB,Lighting,2,84.46,28,1,154.23936726133837,0.006483429086593899,450
USSPC-FAC-2026-0273,Peterson SFB,Power Production,4,98.18,31,2,154.74473747212997,0.006462255300798861,451
USSPC-FAC-2026-0133,Buckley SFB,Plumbing,3,95.44,29,1,155.7412109500073,0.006420908081426172,452
USSPC-FAC-2026-0278,Peterson SFB,ESS,2,83.31,25,5,156.73826904183514,0.00638006280223172,453
USSPC-FAC-2026-0391,Vandenberg SFB,Lighting,4,100.0,27,1,159.3249605261958,0.006276480450378537,454
USSPC-FAC-2026-0474,Schriever SFB,HVAC,4,96.8,25,5,163.0745338756414,0.006132165312596187,455
USSPC-FAC-2026-0159,Peterson SFB,ESS,3,100.0,32,2,163.85121704657905,0.006103097786058699,456
USSPC-FAC-2026-0500,Buckley SFB,Electrical,4,97.96,24,5,166.41854973316788,0.0060089455268260645,457
USSPC-FAC-2026-0221,Schriever SFB,Power Production,3,100.0,23,1,167.02451087143544,0.005987145208703738,458
USSPC-FAC-2026-0229,Buckley SFB,ESS,1,76.89,26,4,167.90350050722282,0.005955801975414934,459
USSPC-FAC-2026-0205,Buckley SFB,Structural,2,83.57,33,5,170.97228099791258,0.005848901319929218,460
USSPC-FAC-2026-0053,Schriever SFB,Lighting,2,84.96,28,4,171.35345996973922,0.005835890329711455,461
USSPC-FAC-2026-0323,Schriever SFB,Plumbing,3,100.0,32,3,172.0627800611387,0.0058118321675650715,462
USSPC-FAC-2026-0435,Schriever SFB,ESS,3,100.0,32,1,172.67679496634585,0.005791166092669816,463
USSPC-FAC-2026-0214,Buckley SFB,Power Production,3,100.0,22,1,173.09928925776492,0.005777031230387572,464
USSPC-FAC-2026-0197,Peterson SFB,Structural,3,100.0,28,3,173.37647726304888,0.005767795122995768,465
USSPC-FAC-2026-0393,Peterson SFB,Electrical,3,100.0,27,1,174.6866076655202,0.005724537292032953,466
USSPC-FAC-2026-0115,Buckley SFB,Power Production,2,86.8,33,5,175.02537332376897,0.0057134573177007875,467
USSPC-FAC-2026-0202,Peterson SFB,HVAC,2,88.43,25,4,175.51752140776676,0.0056974368825365,468
USSPC-FAC-2026-0088,Vandenberg SFB,Power Production,3,100.0,32,2,175.58192829749325,0.005695346951114882,469
USSPC-FAC-2026-0160,Vandenberg SFB,Structural,3,100.0,25,4,177.8173789100451,0.005623747274476943,470
USSPC-FAC-2026-0234,Schriever SFB,Fire Protection,2,92.64,27,4,178.11199361545943,0.0056144450449472924,471
USSPC-FAC-2026-0188,Schriever SFB,Plumbing,2,96.5,29,3,180.16268199180556,0.005550539040296279,472
USSPC-FAC-2026-0341,Buckley SFB,Plumbing,2,93.11,25,3,180.78969721397243,0.0055312886486913945,473
USSPC-FAC-2026-0282,Schriever SFB,Structural,3,100.0,30,3,183.2286830045936,0.005457660796344477,474
USSPC-FAC-2026-0216,Vandenberg SFB,Fire Protection,1,80.52,25,5,183.53569096236063,0.005448531534964931,475
USSPC-FAC-2026-0321,Peterson SFB,Lighting,3,100.0,32,3,184.10441191115117,0.005431700357526468,476
USSPC-FAC-2026-0153,Buckley SFB,Power Production,3,99.2,32,2,185.9044044080639,0.005379108704735042,477
USSPC-FAC-2026-0373,Buckley SFB,ESS,2,98.03,27,1,187.46879934366729,0.005334220966374264,478
USSPC-FAC-2026-0185,Peterson SFB,ESS,2,98.88,25,1,188.55115659136476,0.005303600455590087,479
USSPC-FAC-2026-0020,Vandenberg SFB,Fire Protection,2,98.04,25,1,189.21220067617665,0.0052850714511345365,480
USSPC-FAC-2026-0171,Buckley SFB,Structural,1,89.2,24,3,192.11994702184046,0.005205081593564663,481
USSPC-FAC-2026-0350,Peterson SFB,Electrical,2,100.0,29,2,197.1114765084115,0.005073271316890197,482
USSPC-FAC-2026-0295,Vandenberg SFB,Power Production,2,100.0,26,3,198.52079717538578,0.00503725561366015,483
USSPC-FAC-2026-0397,Vandenberg SFB,ESS,1,91.29,25,5,199.52057756920544,0.005012014360539535,484
USSPC-FAC-2026-0060,Peterson SFB,HVAC,1,93.88,30,2,200.56122713224323,0.004986008583506692,485
USSPC-FAC-2026-0290,Buckley SFB,Power Production,2,100.0,27,2,203.3600150392794,0.0049173875198959245,486
USSPC-FAC-2026-0129,Schriever SFB,Fire Protection,1,91.03,30,4,204.0714010545389,0.004900245672997295,487
USSPC-FAC-2026-0117,Peterson SFB,Structural,2,100.0,23,5,204.8809768164553,0.00488088262531011,488
USSPC-FAC-2026-0206,Vandenberg SFB,HVAC,2,100.0,32,4,204.88495282349234,0.004880787906672172,489
USSPC-FAC-2026-0299,Schriever SFB,Fire Protection,1,100.0,25,1,209.50540625562448,0.004773146516228163,490
USSPC-FAC-2026-0354,Vandenberg SFB,HVAC,1,100.0,26,2,216.01064303471648,0.004629401523698457,491
USSPC-FAC-2026-0078,Buckley SFB,Plumbing,1,92.52,33,5,216.30053411636112,0.004623197090498351,492
USSPC-FAC-2026-0276,Buckley SFB,Electrical,1,93.76,32,2,216.64424591918166,0.004615862266533708,493
USSPC-FAC-2026-0128,Schriever SFB,Fire Protection,1,97.87,33,3,221.1134013901103,0.004522566220378928,494
USSPC-FAC-2026-0281,Buckley SFB,Structural,1,97.87,34,1,222.66866773632705,0.004490977604375616,495
USSPC-FAC-2026-0062,Buckley SFB,ESS,1,99.71,24,4,232.35080368762377,0.004303837060724853,496
USSPC-FAC-2026-0400,Schriever SFB,Fire Protection,1,97.58,25,5,236.07525257945179,0.004235937435515174,497
USSPC-FAC-2026-0287,Schriever SFB,Electrical,1,100.0,31,5,241.731383610362,0.0041368232170129115,498
USSPC-FAC-2026-0035,Schriever SFB,HVAC,1,100.0,25,5,244.9593708674126,0.004082309635507935,499
USSPC-FAC-2026-0158,Schriever SFB,Power Production,1,99.67,26,5,246.54242222394208,0.004056097084548269,500
